{"train/loss":0.07856070511043071,"train/dataloading_s":0.009322704535443337,"train/grad_norm":5.517050151824951,"train/samples":960000,"_timestamp":1.765020010146479e+09,"train/episodes":1031.26007089913,"_runtime":4719,"_step":15000,"train/lr":1.000000000000002e-05,"train/l1_loss":0.07802437990903854,"train/epochs":25.781501772478247,"train/kld_loss":0.0003015180118381977,"train/update_s":0.26252587370807307,"_wandb":{"runtime":4719},"train/steps":15000}