{"train/samples":640000,"train/loss":0.07514612965285777,"train/episodes":1201.3139371187235,"train/dataloading_s":0.029845456504262985,"_wandb":{"runtime":3244},"train/lr":1.0000000000000021e-05,"train/kld_loss":0.0014667520299553871,"_step":10000,"_runtime":3244.594117712,"train/l1_loss":0.054192326962947845,"train/epochs":60.06569685593618,"train/grad_norm":6.643656038045883,"_timestamp":1.7649700695840898e+09,"train/steps":10000,"train/update_s":0.25412666879012247}