{"_runtime":6387,"train/episodes":1375.0134278655066,"train/update_s":0.26749391975114123,"train/loss":0.0676065623946488,"train/steps":20000,"train/l1_loss":0.06510205566883087,"train/samples":1280000,"_timestamp":1.7650443358913865e+09,"_step":20000,"train/kld_loss":0.0001476653851568699,"train/epochs":34.37533569663766,"train/grad_norm":4.80477187037468,"train/dataloading_s":0.061036426653154195,"train/lr":1.000000000000002e-05,"_wandb":{"runtime":6387}}