{"train/l1_loss":0.07331611216068268,"train/episodes":1031.010873942811,"_timestamp":1.7650412319151247e+09,"train/samples":960000,"train/steps":15000,"_step":15000,"train/update_s":0.267236249728594,"_wandb":{"runtime":5076},"train/dataloading_s":0.05109840205870569,"train/kld_loss":0.0002955053932964802,"_runtime":5076.433821555,"train/lr":1.0000000000000021e-05,"train/grad_norm":5.602209523916245,"train/epochs":25.775271848570277,"train/loss":0.07235773667693138}