{"_timestamp":1.7650467643631198e+09,"train/epochs":24.5474071801166,"_runtime":4921.268543777,"train/episodes":1030.9911015648972,"train/loss":0.07220944609493017,"train/lr":1.0000000000000021e-05,"train/update_s":0.26652801138116045,"train/grad_norm":5.705352430343628,"_step":15000,"train/samples":960000,"train/dataloading_s":0.01330891327932477,"train/l1_loss":0.0681624710559845,"train/steps":15000,"train/kld_loss":0.00041519245132803917,"_wandb":{"runtime":4921}}