{"_timestamp":1.7650686807179496e+09,"_runtime":33001.189823422,"train/episodes":2433.5731414868105,"train/loss":0.05244853002950549,"_step":35400,"train/dataloading_s":0.6237254044052679,"train/grad_norm":3.6189070814847946,"train/samples":2265600,"train/epochs":56.594724220623505,"train/update_s":0.2584093607030809,"train/kld_loss":7.45430588722229e-06,"train/steps":35400,"train/l1_loss":0.053379740566015244,"train/lr":1.0000000000000021e-05,"_wandb":{"runtime":33001}}