{"train/loss":0.10110115583986044,"_wandb":{"runtime":8787},"_runtime":8787.793511014,"train/grad_norm":6.973133399486541,"train/lr":1.0000000000000021e-05,"_timestamp":1.765015639971642e+09,"train/samples":640000,"train/episodes":687.4500399680255,"_step":10000,"train/epochs":15.987210231814549,"train/dataloading_s":0.6368459365412127,"train/l1_loss":0.09348706901073456,"train/update_s":0.2522810837859288,"train/steps":10000,"train/kld_loss":0.0005697780288755894}