{"_wandb":{"runtime":3246},"train/grad_norm":6.918502916097641,"train/samples":640000,"train/update_s":0.25558657629182563,"train/loss":0.09035999197512865,"train/episodes":687.3405826285407,"train/dataloading_s":0.037001506879460064,"train/steps":10000,"train/lr":1.0000000000000021e-05,"train/l1_loss":0.08347215503454208,"_step":10000,"_timestamp":1.7650140591988504e+09,"_runtime":3246.933288591,"train/kld_loss":0.000640020240098238,"train/epochs":17.18351456571352}