{"_step":30000,"_wandb":{"runtime":9672},"_timestamp":1.7650537445851474e+09,"train/loss":0.05133131291717291,"train/dataloading_s":0.012794713487382979,"train/grad_norm":3.397257616519928,"train/samples":1920000,"train/kld_loss":8.118385449051857e-05,"train/steps":30000,"train/update_s":0.26681737463222815,"_runtime":9672.918336034,"train/l1_loss":0.049261048436164856,"train/episodes":2062.021747885622,"train/lr":1.0000000000000021e-05,"train/epochs":51.550543697140554}