{"train/grad_norm":4.089541589021683,"train/update_s":0.26207317129475993,"train/l1_loss":0.04880247265100479,"_runtime":9235.008223544,"train/epochs":49.0948143602332,"_timestamp":1.7650757547987525e+09,"_wandb":{"runtime":9235},"train/samples":1920000,"train/episodes":2061.9822031297945,"train/steps":30000,"train/lr":1.0000000000000021e-05,"_step":30000,"train/dataloading_s":0.009253687891177833,"train/kld_loss":0.00013503199443221092,"train/loss":0.05179752465337515}