{"train/lr":1.0000000000000021e-05,"_wandb":{"runtime":3673},"train/loss":0.08498759992420674,"train/l1_loss":0.07904444634914398,"train/dataloading_s":0.04455997332464903,"train/kld_loss":0.0004409719258546829,"_runtime":3673.178576385,"train/samples":704000,"train/grad_norm":6.650716731548309,"_timestamp":1.765039570414991e+09,"train/epochs":18.90186602228487,"train/steps":11000,"train/episodes":756.0746408913948,"_step":11000,"train/update_s":0.26793075728230176}