{"_timestamp":1.765088461363759e+09,"train/lr":1.0000000000000021e-05,"train/episodes":601.5744330865938,"train/dataloading_s":0.038738276350777597,"train/steps":10000,"train/epochs":15.039360827164845,"train/update_s":0.2548316989385057,"train/loss":0.09074834894388914,"_step":10000,"_runtime":3246.334147868,"train/kld_loss":0.0007491884753108025,"train/samples":640000,"train/grad_norm":6.40783921957016,"_wandb":{"runtime":3246},"train/l1_loss":0.0864090546965599}