{"train/epochs":34.37533569663766,"train/lr":1.0000000000000021e-05,"train/steps":20000,"train/update_s":0.26749391975114123,"train/episodes":1375.0134278655066,"_step":20000,"_wandb":{"runtime":6387},"train/kld_loss":0.0001476653851568699,"train/samples":1280000,"train/l1_loss":0.06510205566883087,"train/dataloading_s":0.061036426653154195,"train/grad_norm":4.80477187037468,"_runtime":6387.37347727,"_timestamp":1.7650443358913865e+09,"train/loss":0.0676065623946488}