{"train/lr":1.000000000000002e-05,"_timestamp":1.7650256194306023e+09,"train/epochs":23.980815347721823,"train/samples":960000,"_step":15000,"train/episodes":1031.1750599520385,"train/l1_loss":0.07606799900531769,"train/kld_loss":3.3931341022253036e-05,"train/steps":15000,"_wandb":{"runtime":13707},"train/update_s":0.2589052193111274,"train/dataloading_s":0.7251202956808265,"train/loss":0.07899347774684429,"train/grad_norm":5.133919727802277,"_runtime":13707}