{"train/update_s":0.2611766676977277,"train/lr":1.0000000000000021e-05,"train/loss":0.05500697314739227,"train/samples":1920000,"_wandb":{"runtime":9285},"train/epochs":51.563003544956494,"train/l1_loss":0.052997175604104996,"train/dataloading_s":0.03446462827268988,"_step":30000,"_runtime":9285.598489842,"train/kld_loss":7.748603820800781e-05,"_timestamp":1.7650816920163436e+09,"train/steps":30000,"train/grad_norm":3.8174303513765335,"train/episodes":2062.52014179826}