{"_step":10000,"train/epochs":17.18766784831883,"train/grad_norm":6.936345927715301,"train/loss":0.09888280306011438,"_runtime":3214,"train/update_s":0.25574833202408626,"_wandb":{"runtime":3214},"train/dataloading_s":0.035850349189713596,"train/samples":640000,"train/lr":1.000000000000002e-05,"train/episodes":687.5067139327533,"train/l1_loss":0.09090828895568848,"_timestamp":1.7650095441520617e+09,"train/kld_loss":0.0007515572942793369,"train/steps":10000}