{"train/episodes":783.5532371893219,"train/lr":1.0000000000000021e-05,"train/loss":0.08431327819824219,"_wandb":{"runtime":3688},"_runtime":3688.373216689,"train/dataloading_s":0.04024896126938984,"train/update_s":0.26564850732218476,"train/kld_loss":0.0007060649804770947,"train/l1_loss":0.07379509508609772,"train/grad_norm":6.679904537200928,"_step":11400,"train/steps":11400,"train/epochs":18.656029456888618,"_timestamp":1.7650454854205172e+09,"train/samples":729600}