{"_runtime":4921,"_step":15000,"train/lr":1.000000000000002e-05,"_timestamp":1.7650467643631198e+09,"train/l1_loss":0.0681624710559845,"train/steps":15000,"train/update_s":0.26652801138116045,"train/grad_norm":5.705352430343628,"train/samples":960000,"train/episodes":1030.9911015648972,"train/epochs":24.5474071801166,"train/kld_loss":0.0004151924513280392,"train/loss":0.07220944609493017,"_wandb":{"runtime":4921},"train/dataloading_s":0.01330891327932477}