{"train/grad_norm":6.936345927715301,"train/loss":0.09888280306011438,"train/l1_loss":0.09090828895568848,"train/lr":1.000000000000002e-05,"_wandb":{"runtime":3218},"train/update_s":0.25574833202408626,"_step":10000,"train/dataloading_s":0.035850349189713596,"train/episodes":687.5067139327533,"train/steps":10000,"train/kld_loss":0.0007515572942793369,"_runtime":3218,"train/epochs":17.18766784831883,"train/samples":640000,"_timestamp":1.7650095441520617e+09}