{"train/dataloading_s":0.7251202956808265,"train/lr":1.0000000000000021e-05,"train/steps":15000,"train/epochs":23.980815347721823,"train/l1_loss":0.07606799900531769,"train/update_s":0.2589052193111274,"_timestamp":1.7650256194306023e+09,"_wandb":{"runtime":13551},"train/kld_loss":3.3931341022253036e-05,"_runtime":13551.378529011,"train/episodes":1031.1750599520383,"train/loss":0.07899347774684429,"train/grad_norm":5.133919727802277,"_step":15000,"train/samples":960000}