{"train/grad_norm":5.517050151824951,"_runtime":4722,"train/lr":1.000000000000002e-05,"train/update_s":0.26252587370807307,"train/epochs":25.781501772478247,"train/samples":960000,"train/loss":0.07856070511043071,"train/dataloading_s":0.009322704535443337,"_wandb":{"runtime":4722},"train/l1_loss":0.07802437990903854,"train/episodes":1031.26007089913,"train/kld_loss":0.0003015180118381977,"_timestamp":1.765020010146479e+09,"train/steps":15000,"_step":15000}