{"train/samples":640000,"train/steps":10000,"train/dataloading_s":0.035850349189713596,"_step":10000,"train/grad_norm":6.936345927715301,"train/episodes":687.5067139327533,"train/lr":1.000000000000002e-05,"train/loss":0.09888280306011438,"_wandb":{"runtime":3222},"_timestamp":1.7650095441520617e+09,"train/kld_loss":0.0007515572942793369,"train/l1_loss":0.09090828895568848,"train/update_s":0.25574833202408626,"_runtime":3222,"train/epochs":17.18766784831883}