{"train/samples":1280000,"train/grad_norm":4.80477187037468,"train/update_s":0.26749391975114123,"train/lr":1.000000000000002e-05,"train/l1_loss":0.06510205566883087,"train/epochs":34.37533569663766,"train/kld_loss":0.0001476653851568699,"_step":20000,"train/steps":20000,"_wandb":{"runtime":6387},"train/loss":0.0676065623946488,"_timestamp":1.7650443358913865e+09,"train/dataloading_s":0.061036426653154195,"train/episodes":1375.0134278655066,"_runtime":6387}