{"train/l1_loss":0.07802437990903854,"train/steps":15000,"_step":15000,"train/episodes":1031.26007089913,"train/dataloading_s":0.009322704535443337,"_timestamp":1.765020010146479e+09,"train/epochs":25.781501772478247,"train/lr":1.0000000000000021e-05,"_runtime":4716.296632681,"train/samples":960000,"train/update_s":0.26252587370807307,"_wandb":{"runtime":4716},"train/loss":0.07856070511043071,"train/kld_loss":0.0003015180118381977,"train/grad_norm":5.517050151824951}