{"train/grad_norm":6.936345927715301,"train/lr":1.0000000000000021e-05,"train/samples":640000,"_runtime":3212.453018408,"train/steps":10000,"_timestamp":1.7650095441520615e+09,"train/loss":0.09888280306011438,"train/update_s":0.25574833202408626,"train/dataloading_s":0.035850349189713596,"train/episodes":687.5067139327533,"_step":10000,"train/l1_loss":0.09090828895568848,"train/kld_loss":0.0007515572942793369,"_wandb":{"runtime":3212},"train/epochs":17.18766784831883}