{"_wandb":{"runtime":3190},"_step":10000,"train/dataloading_s":0.025918122075963765,"train/episodes":687.3274010432648,"train/lr":1.0000000000000021e-05,"train/loss":0.0908059886097908,"train/steps":10000,"train/l1_loss":0.08123386651277542,"_timestamp":1.7650352486186814e+09,"train/grad_norm":7.364704015254975,"train/samples":640000,"train/epochs":16.364938120077735,"train/kld_loss":0.000641923863440752,"_runtime":3190.883350742,"train/update_s":0.260143474037759}